,ymd,close,open,high,low,volume,ema3,ema5,ema10,ema14,ema20,ema50,ema200
0,20180514.0,5.4,5.4,5.4,5.4,100.0,,,,,,,
1,20180507.0,4.9,4.9,4.9,4.9,100.0,5.400000000000001,,,,,,
2,20180427.0,4.4,4.4,4.4,4.4,100.0,4.9,,,,,,
3,20180426.0,3.9,3.9,3.9,3.9,100.0,4.4,4.9,,,,,
4,20180423.0,3.5,3.5,3.5,3.4,2500.0,3.95,4.4333333333333345,,,,,
5,20180417.0,4.0,4.0,4.0,4.0,100.0,3.975,4.288888888888889,,,,,
6,20180410.0,4.5,4.5,4.5,4.5,900.0,4.2375,4.359259259259259,,,,,
7,20180406.0,5.2,5.3,5.3,5.2,1400.0,4.71875,4.639506172839505,,,,,
8,20180404.0,6.1,6.1,6.1,6.1,1000.0,5.409375,5.1263374485596716,4.78,,,,
9,20180403.0,7.1,7.1,7.1,7.1,100.0,6.254687499999999,5.784224965706447,5.201818181818182,,,,
10,20180402.0,8.3,8.3,8.3,8.3,500.0,7.27734375,6.622816643804298,5.765123966942149,,,,
11,20180307.0,9.7,9.7,9.7,9.7,100.0,8.488671874999998,7.648544429202864,6.480555972952668,,,,
12,20180221.0,8.599999999999998,8.599999999999998,8.599999999999998,8.599999999999998,100.0,8.544335937499998,7.965696286135243,6.865909432415817,5.821428571428571,,,
13,20180124.0,7.599999999999999,7.599999999999999,7.599999999999999,7.599999999999999,200.0,8.072167968749998,7.843797524090164,6.999380444703851,6.058571428571429,,,
14,20171206.0,8.9,8.9,8.9,8.9,100.0,8.486083984375,8.195865016060107,7.344947636575879,6.437428571428572,,,
15,20171201.0,7.9,7.9,7.9,7.9,100.0,8.1930419921875,8.09724334404007,7.445866248107536,6.632438095238095,,,
16,20171129.0,7.0,7.0,7.0,7.0,100.0,7.596520996093749,7.731495562693381,7.364799657542529,6.6814463492063485,,,
17,20171127.0,6.3,6.3,6.3,6.3,100.0,6.948260498046873,7.254330375128921,7.171199719807524,6.630586835978836,,,
18,20171124.0,5.6,5.6,5.6,5.6,100.0,6.274130249023437,6.702886916752614,6.885527043478884,6.493175257848325,6.24,,
19,20171122.0,5.0,4.9,5.0,4.9,600.0,5.637065124511718,6.135257944501744,6.54270394466454,6.2940852234685485,6.121904761904761,,
20,20171121.0,5.7,5.7,5.7,5.7,100.0,5.668532562255859,5.990171963001162,6.3894850456346255,6.214873860339408,6.08172335600907,,
21,20171120.0,5.0,6.3,6.3,5.0,1100.0,5.334266281127928,5.660114642000774,6.136851400973784,6.05289067896082,5.978702084008207,,
22,20171117.0,5.6,5.6,5.6,5.6,100.0,5.4671331405639645,5.6400764280005165,6.039242055342187,5.992505255099378,5.942635218864568,,
23,20171115.0,5.0,5.0,5.0,5.0,500.0,5.233566570281983,5.42671761866701,5.850288954370879,5.860171221086128,5.852860436115561,,
24,20171114.0,6.5,5.0,6.5,5.0,200.0,5.866783285140992,5.784478412444673,5.968418235394356,5.945481724941311,5.914492775533128,,
25,20171113.0,5.8,5.8,5.8,5.8,100.0,5.833391642570495,5.789652274963116,5.9377967380499275,5.926084161615802,5.903588701672831,,
26,20171110.0,5.2,5.2,5.2,5.2,100.0,5.516695821285248,5.5931015166420766,5.803651876586303,5.829272940067029,5.836580253894466,,
27,20171107.0,6.1,6.1,6.1,6.1,100.0,5.808347910642625,5.762067677761385,5.857533353570612,5.865369881391426,5.861667848761659,,
28,20171106.0,5.4,5.4,5.4,5.4,100.0,5.604173955321312,5.6413784518409225,5.77434547110323,5.803320563872568,5.817699482212929,,
29,20171103.0,4.4,5.7,5.7,4.4,300.0,5.002086977660657,5.227585634560615,5.5244644763571875,5.6162111553562255,5.682680483906937,,
30,20171031.0,4.4,5.7,5.7,4.4,200.0,4.7010434888303285,4.951723756373744,5.32001638974679,5.454049667975395,5.5605204378205615,,
31,20171030.0,4.5,5.7,5.7,4.5,200.0,4.600521744415165,4.80114917091583,5.170922500701919,5.326843045578676,5.45951849136146,,
32,20171027.0,5.1,5.2,5.2,5.1,200.0,4.850260872207583,4.900766113943885,5.158027500574296,5.296597306168187,5.4252786350413205,,
33,20171026.0,5.9,5.9,5.9,5.9,100.0,5.375130436103792,5.233844075962591,5.29293159137897,5.377050998679096,5.470490193608814,,
34,20171025.0,5.3,5.3,5.3,5.3,100.0,5.337565218051896,5.255896050641727,5.294216756582793,5.366777532188549,5.454253032312737,,
35,20171024.0,4.7,4.7,4.7,4.7,200.0,5.018782609025948,5.070597367094485,5.186177346295014,5.277873861230076,5.3824194101877145,,
36,20171023.0,5.5,5.5,5.5,5.5,100.0,5.259391304512974,5.21373157806299,5.243236010605012,5.307490679732733,5.3936175615984085,,
37,20171020.0,4.9,4.9,4.9,4.9,100.0,5.079695652256487,5.109154385375327,5.180829463222282,5.2531585891017025,5.346606365255705,,
38,20171019.0,5.6,5.6,5.6,5.6,100.0,5.339847826128244,5.272769590250218,5.2570422880909575,5.299404110554808,5.370739092374209,,
39,20171018.0,6.5,6.5,6.5,6.5,100.0,5.919923913064122,5.6818463935001455,5.483034599347146,5.459483562480834,5.478287750243331,,
40,20171016.0,5.8,5.8,5.8,5.8,100.0,5.85996195653206,5.721230929000097,5.54066467219312,5.504885754150056,5.508927012124919,,
41,20170929.0,6.6,6.6,6.6,6.6,100.0,6.22998097826603,6.014153952666731,5.733271095430736,5.650900986930049,5.6128387252558785,,
42,20170927.0,5.8,5.8,5.8,5.8,100.0,6.014990489133015,5.94276930177782,5.745403623534237,5.670780855339376,5.630663608564841,,
43,20170922.0,5.1,5.1,5.1,5.1,400.0,5.557495244566506,5.661846201185214,5.628057510164377,5.5946767412941245,5.580124217272953,,
44,20170921.0,5.9,5.9,5.9,5.9,1900.0,5.728747622283254,5.741230800790143,5.677501599225399,5.635386509121576,5.610588577532671,,
45,20170822.0,6.9,6.9,6.9,6.9,100.0,6.314373811141627,6.127487200526761,5.899774035729871,5.804001641238697,5.733389665386703,,
46,20170807.0,6.3,6.3,6.3,6.3,100.0,6.307186905570814,6.184991467017841,5.972542392869896,5.870134755740207,5.7873525543974935,,
47,20170728.0,7.4,7.4,7.4,7.4,100.0,6.853593452785407,6.589994311345228,6.232080139620823,6.074116788308178,5.940938025407257,,
48,20170714.0,8.699999999999998,8.699999999999998,8.699999999999998,8.699999999999998,100.0,7.7767967263927025,7.293329540896819,6.6807928415079445,6.424234549867088,6.203705832511327,5.908,
49,20170703.0,8.4,8.4,8.4,8.4,100.0,8.088398363196353,7.662219693931212,6.993375961233776,6.687669943218143,6.412876705605487,6.005725490196078,
50,20170626.0,7.4,7.4,7.4,7.4,100.0,7.744199181598176,7.574813129287474,7.067307604645816,6.78264728412239,6.506888447928773,6.060402921953096,
51,20170605.0,6.6,6.6,6.6,6.6,300.0,7.172099590799088,7.249875419524982,6.982342585619303,6.758294312906072,6.5157562147927,6.081563591680425,
52,20170602.0,7.7,7.7,7.7,7.7,500.0,7.436049795399546,7.399916946349987,7.112825751870339,6.883855071185264,6.628541337193395,6.145031686124328,
53,20161227.0,13.0,13.0,13.0,13.0,100.0,10.218024897699772,9.266611297566657,8.183221069712095,7.699341061693894,7.235346924127357,6.4138539729429835,
54,20161207.0,11.5,11.5,11.5,11.5,2000.0,10.859012448849885,10.011074198377774,8.786271784309895,8.206095586801377,7.641504359924752,6.613310679886395,
55,20161013.0,16.0,16.0,16.0,16.0,100.0,13.429506224424943,12.007382798918515,10.097858732617187,9.245282841894525,8.437551563741442,6.9814161434202635,
56,20160711.0,11.7,11.7,11.7,11.7,100.0,12.564753112212475,11.90492186594568,10.389157144868609,9.572578462975255,8.74826093862321,7.16645864759986,
57,20160706.0,10.6,10.6,10.6,10.6,600.0,11.582376556106237,11.469947910630449,10.427492209437952,9.709568001245222,8.924617039706716,7.3011073280861405,
58,20160704.0,9.7,9.7,9.7,9.7,500.0,10.641188278053118,10.879965273753632,10.295220898631051,9.708292267745856,8.998463035925122,7.395181550514135,
59,20160621.0,9.7,9.7,9.7,9.7,600.0,10.170594139026559,10.486643515835757,10.186998917061768,9.70718663204641,9.065276080122729,7.485566587748874,
60,20160616.0,9.7,9.7,9.7,9.7,100.0,9.93529706951328,10.22442901055717,10.098453659414176,9.706228414440222,9.125725977253897,7.572407113719507,
61,20160527.0,8.599999999999998,8.599999999999998,8.599999999999998,8.599999999999998,900.0,9.267648534756638,9.68295267370478,9.82600753952069,9.558731292514858,9.075656836563049,7.612704873965802,
62,20160526.0,8.599999999999998,8.599999999999998,8.599999999999998,8.599999999999998,100.0,8.93382426737832,9.321968449136518,9.603097077789657,9.430900453512876,9.030356185461805,7.65142232988871,
63,20160523.0,7.8,7.8,7.8,7.8,100.0,8.36691213368916,8.814645632757678,9.275261245464264,9.21344705971116,8.913179405894017,7.657248905187194,
64,20160519.0,7.1,7.1,7.1,7.1,100.0,7.733456066844581,8.24309708850512,8.879759200834398,8.931654118416338,8.740495652951726,7.635396006944557,
65,20160518.0,6.3,6.3,6.3,6.3,100.0,7.0167280334222895,7.595398059003413,8.410712073409961,8.580766902627493,8.508067495527753,7.583027536083987,
66,20160517.0,5.6,5.6,5.6,5.6,200.0,6.308364016711145,6.930265372668942,7.899673514608151,8.183331315610497,8.231108686429872,7.505261750355202,
67,20160512.0,6.5,6.5,6.5,6.5,100.0,6.404182008355573,6.786843581779294,7.645187421043033,7.9588871401957615,8.066241192484169,7.465839720929507,
68,20160511.0,5.8,5.8,5.8,5.8,1000.0,6.102091004177788,6.457895721186197,7.309698799035208,7.671035521502995,7.850408697961869,7.40051267304992,
69,20160509.0,5.8,5.8,5.8,5.8,200.0,5.951045502088894,6.238597147457464,7.035208108301535,7.421564118635928,7.655131679108357,7.337747470185217,
70,20160504.0,5.3,5.3,5.3,5.3,100.0,5.625522751044446,5.925731431638309,6.719715724973982,7.138688902817804,7.430833423955181,7.257835804687758,
71,20160429.0,4.8,4.8,4.8,4.8,100.0,5.212761375522224,5.550487621092208,6.37067650225144,6.82686371577543,7.180277859768974,7.161450086856866,
72,20160428.0,4.7,4.7,4.7,4.7,100.0,4.956380687761112,5.266991747394805,6.066917138205725,6.5432818870053735,6.9440609207433575,7.0649226324703225,
73,20160427.0,4.3,4.3,4.3,4.3,100.0,4.628190343880557,4.94466116492987,5.745659476713774,6.2441776354046565,6.692245594958274,6.9564942939420735,
74,20160426.0,3.5,4.0,4.0,3.5,1300.0,4.064095171940278,4.46310744328658,5.3373577536749055,5.878287284017368,6.388222204962249,6.820945498101208,
75,20160425.0,4.1,4.1,4.1,4.1,400.0,4.082047585970139,4.34207162885772,5.112383616643105,5.641182312815053,6.170296280680129,6.714241753077632,
76,20160413.0,4.2,5.6,5.6,4.2,500.0,4.14102379298507,4.29471441923848,4.946495686344359,5.44902467110638,5.982649015853451,6.615644037270666,
77,20160401.0,4.9,4.9,4.9,4.9,100.0,4.520511896492534,4.49647627949232,4.93804192519084,5.37582138162553,5.879539585772171,6.5483638789463265,
78,20160331.0,4.1,5.4,5.4,4.1,400.0,4.310255948246267,4.364317519661546,4.785670666065232,5.205711864075457,5.71005962522244,6.452349609183726,
79,20160330.0,5.2,4.6,5.2,4.6,300.0,4.755127974123135,4.64287834644103,4.86100327223519,5.2049502821987295,5.661482518058398,6.403237859803971,
80,20160325.0,5.3,5.3,5.3,5.3,200.0,5.027563987061567,4.861918897627353,4.94082085910152,5.217623577905568,5.627055611576646,6.359973630007738,
81,20160324.0,4.7,4.7,4.7,4.7,200.0,4.863781993530784,4.807945931751568,4.897035248355788,5.148607100851491,5.538764600950298,6.294876624909394,
82,20160323.0,4.1,4.2,4.2,4.1,200.0,4.481890996765392,4.571963954501046,4.752119748654736,5.008792820737959,5.401739400859793,6.208803031775693,
83,20160322.0,4.8,4.8,4.8,4.8,100.0,4.640945498382695,4.647975969667364,4.760825248899329,4.980953777972897,5.344430886492195,6.153555854059,
84,20160318.0,5.6,5.6,5.6,5.6,200.0,5.120472749191348,4.965317313111576,4.9134024763721795,5.063493274243179,5.368770802064368,6.131847781350803,
85,20160317.0,5.1,5.1,5.1,5.1,500.0,5.110236374595674,5.010211542074384,4.947329298849964,5.068360837677422,5.343173582820141,6.091383162474302,
86,20160308.0,6.0,6.0,6.0,6.0,500.0,5.555118187297837,5.340141028049588,5.1387239717863356,5.192579392653766,5.405728479694414,6.087799509043936,
87,20160219.0,7.0,7.0,7.0,7.0,1000.0,6.277559093648918,5.89342735203306,5.47713779509791,5.433568806966598,5.55756386258066,6.123572077316722,
88,20160205.0,8.099999999999998,8.099999999999998,8.099999999999998,8.099999999999998,100.0,7.188779546824458,6.628951568022041,5.9540218323528356,5.789092966037718,5.799700637572977,6.201079054676851,
89,20151229.0,7.2,7.2,7.2,7.2,100.0,7.194389773412229,6.819301045348026,6.180563317379594,5.977213903899355,5.9330624816136455,6.240252425081681,
90,20151217.0,6.4,6.4,6.4,6.4,100.0,6.797194886706114,6.679534030232017,6.220460896037848,6.0335853833794415,5.977532721459966,6.246517035862792,
91,20151207.0,7.5,7.5,7.5,7.5,100.0,7.148597443353058,6.953022686821345,6.453104369485513,6.229107332262184,6.1225296051304445,6.295673230534839,
92,20151127.0,6.7,6.7,6.7,6.7,100.0,6.924298721676529,6.8686817912142315,6.4979944841245105,6.291893021293891,6.177526785594212,6.311529182278572,
93,20151126.0,6.2,6.2,6.2,6.2,100.0,6.562149360838265,6.645787860809487,6.4438136688291445,6.279640618454707,6.179667091728096,6.307155488855882,
94,20151113.0,5.5,5.5,5.5,5.5,100.0,6.031074680419133,6.263858573872992,6.2722111835874825,6.17568853599408,6.114936892515896,6.275502332430161,
95,20151110.0,4.9,4.9,4.9,4.9,100.0,5.465537340209568,5.809239049248661,6.0227182411170315,6.005596731194869,5.9992286170381925,6.221561064491724,
96,20150824.0,3.6,3.6,3.6,3.6,100.0,4.532768670104783,5.072826032832442,5.5822240154593885,5.684850500368887,5.770730653510746,6.118754748237146,
97,20150717.0,3.3,3.3,3.3,3.3,100.0,3.916384335052391,4.481884021888294,5.167274194466772,5.366870433653034,5.535422972224008,6.008215346345493,
98,20150716.0,2.9,2.9,2.9,2.9,100.0,3.4081921675261957,3.9545893479255287,4.7550425227455415,5.03795437583263,5.2844303082026745,5.886324548449592,
99,20150604.0,4.6,4.6,4.6,4.6,100.0,4.0040960837630974,4.169726231950352,4.7268529731554425,4.979560459054945,5.219246469326229,5.835880448510392,
100,20150602.0,4.2,4.2,4.2,4.2,100.0,4.102048041881549,4.179817487966902,4.631061523490817,4.875619064514288,5.1221753770094445,5.771728274059004,
101,20150529.0,3.9,3.9,3.9,3.9,400.0,4.0010240209407755,4.0865449919779335,4.498141246492487,4.745536522579049,5.005777722056165,5.698327165272378,
102,20150528.0,3.9,3.9,3.9,3.9,600.0,3.950512010470387,4.02436332798529,4.389388292584762,4.632798319568509,4.900465558050816,5.627804531340127,
103,20150526.0,4.0,4.0,4.0,4.0,100.0,3.9752560052351935,4.01624221865686,4.318590421205713,4.548425210292708,4.814706933474548,5.563969059522867,
104,20150522.0,3.7,3.7,3.7,3.7,1800.0,3.837628002617597,3.910828145771239,4.2061194355319484,4.4353018489203455,4.708544368381734,5.490872233659225,
105,20150521.0,4.1,4.2,4.2,4.1,900.0,3.9688140013087994,3.97388543051416,4.186824992707958,4.3905949357309675,4.650587761869188,5.436328224496118,
106,20150520.0,4.5,4.5,4.5,4.5,300.0,4.234407000654399,4.1492569536761055,4.243765903124693,4.405182277633505,4.636246070262598,5.39960947059431,
107,20150519.0,5.0,5.0,5.0,5.0,200.0,4.6172035003272,4.432837969117404,4.3812630116474764,4.4844913072823696,4.67088930166616,5.38393851096316,
108,20150518.0,5.5,5.5,5.5,5.5,100.0,5.0586017501636,4.788558646078269,4.584669736802481,4.619892466311388,4.749852225317001,5.388489941905782,
109,20150515.0,6.1,6.1,6.1,6.1,100.0,5.5793008750818,5.225705764052179,4.86018433011112,4.817240137469869,4.878437727667764,5.416392297125162,
110,20150514.0,6.7,6.7,6.7,6.7,100.0,6.1396504375409,5.717137176034786,5.194696270090917,5.06827478580722,5.051919848842262,5.466729854100647,
111,20150512.0,7.4,7.4,7.4,7.4,100.0,6.769825218770451,6.278091450689858,5.595660584619841,5.379171481032924,5.275546529904904,5.542544369626112,
112,20150507.0,8.199999999999998,8.199999999999998,8.199999999999998,8.199999999999998,300.0,7.484912609385224,6.918727633793238,6.069176841961688,5.755281950228534,5.5540659080092,5.646758315915283,
113,20150505.0,9.1,9.1,9.1,9.1,100.0,8.292456304692612,7.6458184225288255,6.620235597968654,6.201244356864729,5.891773916770227,5.7821795584284095,
114,20150504.0,10.1,10.1,10.1,10.1,100.0,9.196228152346304,8.46387894835255,7.252920034701625,6.721078442616099,6.292557353268301,5.951505850254748,
115,20150424.0,11.2,11.2,11.2,11.2,100.0,10.198114076173152,9.3759192989017,7.970570937483148,7.3182679836006175,6.7599328434332255,6.157329150244758,
116,20150423.0,12.4,12.4,12.4,12.4,100.0,11.299057038086577,10.3839461992678,8.775921676122575,7.9958322524538685,7.297082096439584,6.402139771803787,
117,20150417.0,13.7,13.7,13.7,13.7,2000.0,12.499528519043286,11.489297466178531,9.671208644100288,8.756387952126689,7.906883801540576,6.688330368987953,
118,20150312.0,12.5,12.5,12.5,12.5,2000.0,12.499764259521644,11.826198310785687,10.185534345172961,9.255536225176462,8.344323439489091,6.916238981968816,
119,20150309.0,10.0,12.2,12.2,10.0,2100.0,11.249882129760822,11.217465540523792,10.151800827868787,9.354798061819599,8.50200692144251,7.03717078659749,
120,20150302.0,11.1,11.1,11.1,11.1,2000.0,11.174941064880409,11.178310360349192,10.324200677347193,9.587491653576988,8.749434833686081,7.196497422417195,
121,20150209.0,10.1,10.1,10.1,10.1,2000.0,10.637470532440204,10.818873573566128,10.28343691782952,9.65582609976672,8.878060087620739,7.310360268596914,
122,20150106.0,9.3,9.3,9.3,9.3,100.0,9.968735266220103,10.312582382377421,10.10463020549688,9.608382619797826,8.91824484118067,7.3883853561029165,
123,20141114.0,10.5,10.5,10.5,10.5,200.0,10.23436763311005,10.375054921584944,10.176515622679265,9.727264937158115,9.068888189639651,7.510409459785155,
124,20141029.0,11.6,11.6,11.6,11.6,100.0,10.917183816555024,10.783369947723296,10.435330964010305,9.976962945537034,9.309946457293021,7.6707855594014225,
125,20140924.0,11.8,11.8,11.8,11.8,100.0,11.358591908277512,11.122246631815534,10.683452606917523,10.220034552798765,9.547094413741306,7.8327155374641135,
126,20140916.0,11.0,11.0,11.0,11.0,100.0,11.179295954138755,11.081497754543689,10.741006678387064,10.324029945758928,9.68546637433737,7.95692277128905,
127,20140905.0,11.0,11.0,11.0,11.0,100.0,11.089647977069376,11.054331836362461,10.788096373225779,10.414159286324406,9.810660052971906,8.076259133199283,
128,20140808.0,11.0,11.0,11.0,11.0,2000.0,11.04482398853469,11.03622122424164,10.826624305366547,10.49227138148115,9.92393052411744,8.190915637779703,
129,20140709.0,10.5,10.5,10.5,10.5,100.0,10.772411994267346,10.857480816161091,10.767238068027172,10.493301863950329,9.9787942837253,8.281467965709911,
130,20140613.0,9.8,9.8,9.8,9.8,100.0,10.286205997133672,10.504987210774065,10.59137660111314,10.400861615423617,9.961766256703845,8.341018241564425,
131,20140609.0,9.0,9.0,9.0,9.0,100.0,9.643102998566834,10.003324807182707,10.302035400910752,10.21408006670047,9.870169470351096,8.366860663463859,
132,20140505.0,8.599999999999998,8.599999999999998,8.599999999999998,8.599999999999998,100.0,9.121551499283417,9.535549871455137,9.992574418926978,9.99886939114041,9.749200949365278,8.376003382543708,
133,20140428.0,8.0,8.0,8.0,8.0,100.0,8.560775749641708,9.023699914303426,9.630288160940257,9.732353472321687,9.582610382759059,8.361258151855719,
134,20140421.0,7.4,7.4,7.4,7.4,200.0,7.980387874820854,8.482466609535617,9.22478122258748,9.421373009345462,9.374742727258198,8.32356175374373,
135,20140408.0,8.199999999999998,8.199999999999998,8.199999999999998,8.199999999999998,100.0,8.090193937410428,8.388311073023745,9.038457363935212,9.258523274766068,9.26286246751932,8.318716194773389,
136,20140403.0,7.599999999999999,7.599999999999999,7.599999999999999,7.599999999999999,200.0,7.845096968705213,8.125540715349166,8.776919661401537,9.037386838130592,9.104494613469862,8.290531245958746,
137,20140327.0,8.4,8.4,8.4,8.4,100.0,8.122548484352606,8.21702714356611,8.708388813873984,8.952401926379846,9.037399888377497,8.29482413827409,
138,20140326.0,7.8,7.8,7.8,7.8,100.0,7.9612742421763025,8.078018095710739,8.543227211351441,8.798748336195866,8.919552279960591,8.275419270106477,
139,20140325.0,7.3,7.3,7.3,7.3,300.0,7.630637121088152,7.818678730473826,8.317185900196636,8.59891522470308,8.76530920567863,8.23716753402387,
140,20140321.0,8.099999999999998,8.099999999999998,8.099999999999998,8.099999999999998,200.0,7.865318560544075,7.912452486982552,8.277697554706338,8.53239319474267,8.701946424185428,8.23178841504254,
141,20140317.0,8.9,8.9,8.9,8.9,100.0,8.382659280272037,8.241634991321702,8.39084345385064,8.581407435443648,8.720808669501102,8.257992790923227,
142,20140314.0,8.599999999999998,8.599999999999998,8.599999999999998,8.599999999999998,2200.0,8.49132964013602,8.361089994214467,8.428871916786886,8.583886444051162,8.709303081929566,8.271404838338002,
143,20140311.0,9.4,9.5,9.5,9.4,200.0,8.945664820068009,8.70739332947631,8.60544065918927,8.69270158484434,8.775083740793418,8.315663472128668,
144,20140227.0,8.8,8.8,8.8,8.8,200.0,8.872832410034004,8.738262219650874,8.640815084791223,8.707008040198428,8.777456717860712,8.334657061456957,
145,20140108.0,9.9,9.9,9.9,9.9,100.0,9.386416205017005,9.125508146433917,8.869757796647363,8.866073634838637,8.884365601873977,8.39604305904688,
146,20131209.0,9.6,9.6,9.6,9.6,100.0,9.493208102508499,9.283672097622608,9.002529106347843,8.963930483526818,8.952521258838358,8.443257056731316,
147,20131125.0,8.9,8.9,8.9,8.9,100.0,9.196604051254253,9.155781398415073,8.983887450648236,8.955406419056576,8.947519234187087,8.461168544702637,
148,20131118.0,8.199999999999998,8.199999999999998,8.199999999999998,8.199999999999998,100.0,8.698302025627125,8.837187598943384,8.841362459621283,8.854685563182366,8.87632692616927,8.450926640988806,
149,20131115.0,7.8,7.8,7.8,7.8,100.0,8.249151012813563,8.491458399295588,8.652023830599232,8.714060821424718,8.773819599867435,8.42540010604807,
150,20131114.0,7.1,7.1,7.1,7.1,2000.0,7.67457550640678,8.027638932863725,8.36983767958119,8.49885271190142,8.61440820940387,8.373423631301089,
151,20130919.0,7.4,7.4,7.4,7.4,200.0,7.53728775320339,7.818425955242483,8.193503556020973,8.352339016981233,8.498750284698737,8.33525015556379,
152,20130607.0,7.4,7.4,7.4,7.4,100.0,7.4686438766016945,7.678950636828323,8.049230182198977,8.225360481383733,8.394107400441715,8.298573678875014,
153,20130523.0,7.0,7.0,7.0,7.0,100.0,7.234321938300848,7.452633757885549,7.8584610581628,8.061979083865902,8.261335267066315,8.247649220879916,
154,20130522.0,6.5,6.5,6.5,6.5,100.0,6.867160969150424,7.1350891719237,7.611468138496835,7.8537152060171165,8.093589051155238,8.179113957315998,
155,20130521.0,6.0,6.0,6.0,6.0,100.0,6.433580484575211,6.756726114615798,7.318473931497411,7.606553178548166,7.894199617711881,8.093658508009488,
156,20130520.0,5.6,5.6,5.6,5.6,200.0,6.0167902422876045,6.3711507430772,7.006024125770609,7.339012754741746,7.675704416025037,7.995867978283624,
157,20130517.0,5.1,5.1,5.1,5.1,200.0,5.558395121143802,5.947433828718132,6.659474284721408,7.04047772077618,7.430399233546461,7.882304528154856,
158,20130226.0,3.7,3.7,3.7,3.7,600.0,4.6291975605719005,5.198289219145422,6.121388051135697,6.595080691339356,7.075123116065845,7.7182925858742735,
159,20130225.0,3.4,3.4,3.4,3.4,1900.0,4.014598780285951,4.598859479430281,5.62659022365648,6.169069932494109,6.725111390726242,7.548947778585086,
160,20130201.0,3.4,3.4,3.4,3.4,100.0,3.707299390142976,4.199239652953521,5.221755637537119,5.799860608161561,6.408434115418982,7.3862439441307695,
161,20130117.0,3.1,3.1,3.1,3.1,200.0,3.403649695071488,3.832826435302348,4.835981885257642,5.43987919374002,6.093345152045744,7.21815594632172,
162,20130116.0,3.4,3.4,3.4,3.4,100.0,3.401824847535744,3.688550956868232,4.5748942697562525,5.167895301241351,5.836836089946149,7.068424340583614,
163,20130110.0,3.1,3.1,3.1,3.1,100.0,3.250912423767872,3.492367304578821,4.306731675255117,4.892175927742503,5.576185033760803,6.912799856639158,
164,20130108.0,3.4,3.4,3.4,3.4,1900.0,3.3254562118839357,3.461578203052548,4.141871370663277,4.693219137376835,5.3689293162597735,6.775042999516053,
165,20130104.0,3.1,3.1,3.1,3.1,100.0,3.212728105941969,3.3410521353683653,3.9524402123608633,4.480789919059925,5.1528408099493195,6.6309236662016975,
166,20130103.0,2.9,2.9,2.9,2.9,200.0,3.0563640529709843,3.194034756912244,3.761087446477069,4.270017929851935,4.938284542335097,6.484612934193788,
167,20121203.0,2.7,2.7,2.7,2.7,100.0,2.878182026485492,3.0293565046081627,3.5681624562085115,4.060682205871677,4.725114585922231,6.336196740695992,
168,20121022.0,2.7,2.7,2.7,2.7,200.0,2.7890910132427464,2.919571003072108,3.410314736897873,3.879257911755453,4.532246530120115,6.193600790080463,
169,20121018.0,2.8,3.1,3.1,2.8,400.0,2.7945455066213727,2.879714002048072,3.29934842109826,3.735356856854726,4.367270670108675,6.060518406155739,
170,20121017.0,2.9,2.9,2.9,2.9,200.0,2.8472727533106865,2.8864760013653816,3.226739617262212,3.6239759426074287,4.227530606288801,5.936576507875122,
171,20121016.0,3.1,3.1,3.1,3.1,200.0,2.9736363766553437,2.9576506675769214,3.203696050487265,3.5541124835931055,4.120146739023201,5.825338213448648,
172,20121012.0,2.9,2.9,2.9,2.9,100.0,2.936818188327672,2.938433778384614,3.148478586762307,3.466897485780692,4.003942287687658,5.71061906782321,
173,20121010.0,2.7,2.7,2.7,2.7,300.0,2.818409094163836,2.8589558522564094,3.066937025532796,3.3646444876765993,3.8797573079078806,5.592555574967397,
174,20121008.0,2.9,2.9,2.9,2.9,100.0,2.8592045470819176,2.8726372348376064,3.0365848390722876,3.30269188931972,3.7864470881071295,5.486965160262794,
175,20121002.0,2.7,2.7,2.7,2.7,100.0,2.779602273540959,2.8150914898917376,2.9753875956046,3.2223329707437567,3.682975936858832,5.377672408879939,
176,20120824.0,2.5,2.5,2.5,2.5,100.0,2.63980113677048,2.7100609932611586,2.888953487312854,3.1260219079779223,3.570311561919896,5.26482251049249,
177,20120823.0,2.7,2.7,2.7,2.7,100.0,2.66990056838524,2.7067073288407726,2.8545983078014254,3.0692189869141995,3.487424746498953,5.164241235571216,
178,20120822.0,2.9,2.9,2.9,2.9,200.0,2.78495028419262,2.7711382192271814,2.86285316092844,3.0466564553256394,3.431479532546672,5.075447461627248,
179,20120821.0,3.2,3.2,3.2,3.2,200.0,2.9924751420963096,2.9140921461514546,2.924152586214177,3.0671022612822214,3.4094338627803227,5.001900502347747,
180,20120820.0,3.4,3.4,3.4,3.4,1000.0,3.196237571048155,3.0760614307676364,3.010670297811599,3.1114886264445913,3.4085353996583865,4.939080874804699,
181,20120817.0,3.1,3.1,3.1,3.1,100.0,3.1481187855240775,3.0840409538450904,3.0269120618458545,3.109956809585313,3.3791510758813974,4.866960056184905,
182,20120816.0,2.9,2.9,2.9,2.9,100.0,3.024059392762039,3.02269396923006,3.003837141510244,3.0819625683072713,3.333517640083169,4.789824367707066,
183,20120814.0,2.7,2.7,2.7,2.7,1000.0,2.8620296963810192,2.91512931282004,2.948594024872018,3.0310342258663017,3.2731826267419155,4.70787047093424,
184,20120801.0,2.5,2.5,2.5,2.5,200.0,2.6810148481905096,2.77675287521336,2.867031474895288,2.9602296624174613,3.1995461860998278,4.62128731521133,
185,20120730.0,2.7,2.7,2.7,2.7,200.0,2.690507424095255,2.751168583475573,2.8366621158234167,2.9255323740951327,3.151970358852225,4.5459427146148075,
186,20120727.0,3.4,2.8,3.4,2.8,300.0,3.045253712047628,2.967445722317049,2.9390871856737046,2.988794724215782,3.1755922294377275,4.501003784629913,
187,20120725.0,2.9,2.9,2.9,2.9,500.0,2.9726268560238136,2.9449638148780326,2.9319804246421226,2.9769554276536776,3.1493453504436584,4.438219322487561,
188,20120724.0,2.7,2.7,2.7,2.7,200.0,2.8363134280119073,2.8633092099186883,2.889802165616282,2.9400280372998533,3.1065505551633095,4.370053858860599,
189,20120723.0,2.5,2.5,2.5,2.5,200.0,2.6681567140059537,2.742206139945792,2.81892904459514,2.8813576323265404,3.048783835623947,4.2967184134150855,
190,20120720.0,2.7,2.7,2.7,2.7,200.0,2.684078357002977,2.728137426630528,2.7973055819414783,2.8571766146830013,3.015566327469286,4.234102005045866,
191,20120719.0,2.9,2.9,2.9,2.9,100.0,2.792039178501488,2.7854249510870193,2.815977294315755,2.8628863993919342,3.0045600105674493,4.181784279357792,
192,20120712.0,2.7,2.7,2.7,2.7,200.0,2.746019589250744,2.756949967391346,2.7948905135310724,2.841168212806344,2.97555429527531,4.123675091931997,
193,20120711.0,3.0,3.0,3.0,3.0,3500.0,2.8730097946253728,2.8379666449275645,2.8321831474345136,2.862345784432164,2.9778824576300433,4.079609402052311,
194,20120710.0,2.8,2.8,2.8,2.8,200.0,2.836504897312686,2.825311096618376,2.826331666082784,2.8540330131745426,2.960941271189087,4.029428641187514,
195,20120628.0,3.1,3.1,3.1,3.1,200.0,2.9682524486563433,2.91687406441225,2.876089544976823,2.8868286114179367,2.9741849596472685,3.9929804591801608,
196,20120626.0,3.4,3.4,3.4,3.4,300.0,3.1841262243281716,3.0779160429415002,2.9713459913446734,2.955251463228878,3.0147387730141952,3.9697263235260367,
197,20120625.0,3.4,3.4,3.4,3.4,300.0,3.2920631121640858,3.185277361961,3.04928308382746,3.014551268131694,3.0514303184414153,3.9473841147603106,
198,20120622.0,3.1,3.1,3.1,3.1,100.0,3.1960315560820427,3.156851574640666,3.058504341313377,3.0259444323808014,3.0560560023993752,3.9141533651618663,6.163500000000008
199,20120611.0,3.4,3.4,3.4,3.4,200.0,3.2980157780410218,3.2379010497604446,3.1205944610745804,3.075818508063361,3.088812573599435,3.893990488096696,6.136002487562197
200,20120606.0,3.7,3.7,3.7,3.7,500.0,3.4990078890205107,3.3919340331736296,3.2259409226973843,3.1590427069882465,3.1470208999232985,3.886383017975256,6.111763656840186
201,20120605.0,3.4,3.4,3.4,3.4,100.0,3.4495039445102553,3.39462268878242,3.2575880276614964,3.191170346056481,3.1711141475496505,3.867309174133089,6.084780933886552
202,20120604.0,3.4,4.0,4.0,3.4,400.0,3.4247519722551285,3.396415125854946,3.2834811135412236,3.219014299915617,3.192912800163969,3.8489833241670857,6.058066695738429
203,20120601.0,3.7,3.7,3.7,3.7,100.0,3.5623759861275643,3.4976100839032975,3.359211820170092,3.283145726593535,3.2412068191959733,3.843140840866416,6.034603345532076
204,20120525.0,3.4,3.4,3.4,3.4,100.0,3.481187993063782,3.4650733892688645,3.366627852866439,3.298726296381063,3.256329979272547,3.825762768675576,6.008388386870065
205,20120522.0,3.7,3.7,3.7,3.7,200.0,3.590593996531891,3.5433822595125766,3.427240970527086,3.352229456863588,3.298584266960876,3.820830895394181,5.98541934819474
206,20120521.0,4.1,4.1,4.1,4.1,500.0,3.845296998265945,3.7289215063417185,3.5495607940676157,3.4519321959484426,3.3749095748693634,3.8317787034179376,5.966658956670416
207,20120518.0,3.8,3.8,3.8,3.8,200.0,3.822648499132972,3.7526143375611447,3.595095195146232,3.498341236488651,3.4153943772627566,3.830532479754489,5.945100161081656
208,20120517.0,3.5,3.5,3.5,3.5,200.0,3.6613242495664866,3.6684095583740968,3.5778051596650986,3.498562404956831,3.423452055618686,3.8175704217249016,5.92077080624502
209,20120516.0,3.6,3.6,4.2,3.6,1000.0,3.6306621247832433,3.6456063722493974,3.581840585180535,3.512087417629253,3.4402661455597627,3.8090382483239247,5.897678559416711
210,20120514.0,3.9,3.9,3.9,3.9,100.0,3.765331062391621,3.730404248166265,3.6396877515113464,3.5638090952786867,3.4840503221731196,3.8126053758406337,5.87780116081555
211,20120511.0,3.6,3.6,3.6,3.6,100.0,3.6826655311958114,3.686936165444177,3.6324717966911018,3.5686345492415286,3.4950931486328223,3.8042679101213928,5.855136472648232
212,20120510.0,3.3,3.3,3.3,3.3,100.0,3.4913327655979054,3.557957443629451,3.5720223791109014,3.5328166093426576,3.4765128487630297,3.7844926979597697,5.829712229139294
213,20120508.0,3.0,3.0,3.0,3.0,100.0,3.2456663827989525,3.3719716290863007,3.4680183101816464,3.461774394763637,3.4311306726903603,3.753728278431936,5.801555888550845
214,20120423.0,2.8,2.8,2.8,2.8,200.0,3.0228331913994757,3.1813144193908665,3.346560435603165,3.373537808795151,3.3710229895769928,3.716327169473821,5.7716896608040695
215,20120419.0,3.1,3.1,3.1,3.1,200.0,3.0614165956997375,3.1542096129272448,3.301731265493499,3.3370661009557976,3.3452112762839454,3.6921574765532794,5.745105684079651
216,20120418.0,3.4,3.3,3.4,3.3,2100.0,3.2307082978498687,3.236139741951496,3.319598308131045,3.345457287495025,3.3504292499711887,3.6807003206100126,5.721771299163436
217,20120417.0,3.6,3.6,3.6,3.6,100.0,3.415354148924934,3.357426494634331,3.3705804339254004,3.3793963158290214,3.374197892831076,3.677535602154717,5.700659146932953
218,20120416.0,3.9,3.9,3.9,3.9,100.0,3.6576770744624665,3.5382843297562205,3.466838536848055,3.448810140385152,3.4242742839900213,3.6862596961878658,5.68274214049581
219,20120413.0,3.6,3.6,3.6,3.6,100.0,3.628838537231233,3.55885621983748,3.491049711966591,3.4689687883337985,3.4410100664671615,3.682876963004028,5.662018338102817
220,20120411.0,3.6,3.6,3.6,3.6,100.0,3.6144192686156167,3.5725708132249867,3.510858855245392,3.4864396165559586,3.45615196489886,3.6796268860234784,5.64150074269881
221,20120410.0,3.9,3.9,3.9,3.9,500.0,3.757209634307809,3.6817138754833247,3.5816117906553213,3.541581001015164,3.498423206337064,3.6882689689245183,5.624172377099816
222,20120409.0,3.6,3.6,3.6,3.6,100.0,3.678604817153905,3.6544759169888823,3.5849551014452627,3.5493702008798085,3.5080971866859154,3.6848074407314,5.604031358422206
223,20120406.0,4.0,4.0,4.0,4.0,300.0,3.839302408576952,3.7696506113259214,3.6604178102733966,3.6094541740958346,3.5549450736682093,3.6971679332517366,5.588070847393129
224,20120405.0,3.7,3.7,3.7,3.7,100.0,3.769651204288477,3.746433740883948,3.66761457204187,3.621526950883057,3.5687598285569515,3.697278994692845,5.569284072792201
225,20120404.0,4.1,4.1,4.1,4.1,100.0,3.9348256021442385,3.8642891605892986,3.7462301043978936,3.6853233574319826,3.6193541305991466,3.7130719752931265,5.5546643307743695
226,20120403.0,3.8,3.8,3.8,3.8,100.0,3.8674128010721183,3.8428594403928655,3.756006449052822,3.700613576441051,3.6365584991135136,3.7164809174384934,5.537204984199501
227,20120330.0,3.5,3.5,3.5,3.5,100.0,3.6837064005360594,3.72857296026191,3.709459821952308,3.673865099582244,3.6235529277693694,3.707991469695808,5.516934287839305
228,20120322.0,3.6,3.6,4.4,3.6,400.0,3.6418532002680295,3.685715306841273,3.6895580361427975,3.664016419637945,3.6213097917913344,3.7037565100998937,5.49786031482598
229,20120320.0,4.0,4.0,4.0,4.0,2500.0,3.8209266001340154,3.7904768712275154,3.74600202957138,3.7088142303528846,3.6573755259064455,3.7153739018606817,5.482956232091393
230,20120319.0,4.3,4.0,4.3,4.0,2000.0,4.060463300067007,3.960317914151677,3.846728933285675,3.7876389996391673,3.7185778567724985,3.738300415513205,5.4711855233143645
231,20120316.0,4.8,4.8,4.8,4.8,100.0,4.430231650033504,4.240211942767784,4.020050945415552,3.922620466353945,3.821570441841784,3.779935693336217,5.464507060395814
232,20120314.0,4.4,4.4,4.4,4.4,100.0,4.415115825016752,4.293474628511857,4.089132591703634,3.9862710708400857,3.8766589711901855,3.8042519406563646,5.453914950342125
233,20120131.0,5.8,5.8,5.8,5.8,100.0,5.107557912508376,4.7956497523412365,4.400199393212064,4.228101594728074,4.059834307267312,3.8825165704345466,5.457358582677029
234,20120130.0,5.3,5.3,5.3,5.3,100.0,5.2037789562541885,4.9637665015608246,4.563799503537144,4.371021382097664,4.1779453256228045,3.938104155907701,5.4557928256354655
235,20120120.0,4.9,4.9,4.9,4.9,100.0,5.051889478127094,4.9425110010405495,4.624926866530391,4.4415518644846435,4.2467124374682514,3.97582556155838,5.450262548763472
236,20120119.0,4.5,4.5,4.5,4.5,100.0,4.775944739063547,4.795007334027033,4.602212890797593,4.449344949220024,4.270835062471275,3.996381421889424,5.440807200019556
237,20120118.0,4.1,4.1,4.1,4.1,100.0,4.4379723695317725,4.563338222684688,4.5109014561071215,4.402765622657354,4.2545650565216295,4.000444895540819,5.427465834845232
238,20120117.0,3.8,3.8,3.8,3.8,100.0,4.1189861847658875,4.308892148456458,4.381646645905827,4.322396872969707,4.211273146376714,3.992584311401964,5.411272144946274
239,20111215.0,3.5,3.5,3.5,3.5,100.0,3.8094930923829433,4.039261432304307,4.221347255741132,4.212743956573746,4.143532846721787,3.973267279582279,5.392254511663226
240,20111117.0,3.8,3.8,3.8,3.8,100.0,3.804746546191472,3.959507621536204,4.144738663788198,4.15771142903058,4.110815432748284,3.966472484304543,5.376411183188965
241,20111014.0,4.5,3.7,4.5,3.7,300.0,4.152373273095735,4.1396717476908025,4.2093316340085245,4.203349905159836,4.1478806296294,3.9873951319788734,5.367690673903503
242,20111011.0,4.1,4.1,4.1,4.1,200.0,4.1261866365478665,4.126447831793868,4.189453155097884,4.189569917805192,4.143320569664695,3.991811009156173,5.355076836352224
243,20111010.0,4.5,4.5,4.5,4.5,200.0,4.313093318273934,4.250965221195912,4.24591621780736,4.230960595431167,4.1772900392204395,4.011739989189264,5.346568609124839
244,20111007.0,5.0,5.0,5.0,5.0,200.0,4.656546659136966,4.500643480797275,4.383022360024204,4.333499182707011,4.255643368818493,4.050495283730862,5.343120165252951
245,20111006.0,4.0,4.7,4.7,4.0,1200.0,4.328273329568484,4.333762320531517,4.313381930928894,4.2890326250127435,4.231296381311969,4.04851507652573,5.329755785499188
246,20111004.0,4.6,3.8,4.6,3.8,500.0,4.464136664784242,4.422508213687678,4.36549430712364,4.33049494167771,4.26641101166321,4.070141936269819,5.322494533902182
247,20111003.0,4.2,4.2,4.2,4.2,100.0,4.3320683323921205,4.348338809125119,4.335404433101159,4.313095616120681,4.2600861534095715,4.075234409357277,5.311325434062361
248,20110930.0,3.9,3.9,3.9,3.9,100.0,4.11603416619606,4.198892539416746,4.256239990719131,4.258016200637925,4.225792234037232,4.068362471735423,5.29728239491746
249,20110928.0,4.1,4.8,4.8,4.1,300.0,4.10801708309803,4.165928359611164,4.227832719679289,4.236947373886201,4.21381202127178,4.069603159118348,5.28536913725659
250,20110927.0,4.4,4.4,4.4,4.4,100.0,4.254008541549015,4.243952239740775,4.259135861555782,4.258687724034708,4.231544209722086,4.082559897976452,5.276559494099808
251,20110926.0,4.5,3.8,4.5,3.8,300.0,4.377004270774508,4.329301493160517,4.302929341272913,4.2908626941634145,4.257111427843792,4.098930098055807,5.268832533959511
252,20110923.0,4.1,4.1,4.1,4.1,100.0,4.238502135387254,4.252867662107011,4.266033097405111,4.2654143349416245,4.242148434715812,4.098972054994795,5.257202359492252
253,20110922.0,4.5,4.5,4.5,4.5,100.0,4.369251067693626,4.335245108071341,4.308572534240545,4.296692423616076,4.26670572664764,4.114698641073431,5.249668007656509
254,20110921.0,4.2,4.9,4.9,4.2,600.0,4.284625533846814,4.290163405380894,4.288832073469536,4.283800100467266,4.260352800300247,4.118043792403884,5.239223549868881
255,20110916.0,4.5,4.5,4.5,4.5,100.0,4.392312766923407,4.360108936920596,4.327226241929621,4.312626753738297,4.283176343128794,4.133022467211576,5.23186809166123
256,20110915.0,4.9,4.9,4.9,4.9,100.0,4.646156383461704,4.54007262461373,4.431366925215144,4.390943186573192,4.341921453307004,4.163100017517002,5.228565921594949
257,20110913.0,4.5,4.5,4.5,4.5,500.0,4.573078191730852,4.52671508307582,4.443845666085119,4.405484095030098,4.356976552992051,4.176311781535944,5.221316509439776
258,20110908.0,4.9,4.9,4.9,4.9,100.0,4.736539095865425,4.6511433887172124,4.526782817706006,4.471419549026086,4.408693071754713,4.204691711671789,5.21811933024137
259,20110825.0,5.3,5.3,5.3,5.3,100.0,5.018269547932713,4.867428925811475,4.6673677599412775,4.581896942489275,4.493579445873311,4.2476449778807375,5.218934063273793
260,20110804.0,5.8,5.8,5.8,5.8,100.0,5.409134773966355,5.178285950540984,4.873300894497409,4.744310683490704,4.618000451028234,4.308521645414827,5.224715813887985
261,20110803.0,6.4,6.4,6.4,6.4,600.0,5.904567386983178,5.585523967027322,5.150882550043335,4.9650692590252765,4.78771469378745,4.390540404418166,5.23641018389905
262,20110802.0,7.0,7.0,7.0,7.0,100.0,6.452283693491589,6.057015978018216,5.487085722762727,5.236393357821907,4.998408532474358,4.492872153264512,5.253958341273189
263,20110621.0,11.2,11.2,11.2,11.2,100.0,8.826141846745795,7.771343985345475,6.525797409533141,6.031540910112319,5.589036291286324,4.75589677470512,5.313122934892362
264,20110613.0,10.2,10.2,10.2,10.2,100.0,9.513070923372895,8.580895990230317,7.19383424416348,6.587335455430677,6.028175692116199,4.96939101883433,5.361748577331244
265,20110607.0,9.3,9.3,9.3,9.3,1500.0,9.406535461686449,8.820597326820211,7.576773472497392,6.949024061373254,6.339778007152752,5.139218822017298,5.400935158651331
266,20110603.0,8.5,8.5,8.5,8.5,100.0,8.953267730843224,8.713731551213474,7.744632841134232,7.1558208531901535,6.545513435042965,5.271014162330346,5.4317716247344014
267,20110531.0,9.0,9.0,9.0,9.0,1500.0,8.976633865421611,8.80915436747565,7.972881415473461,7.401711406098131,6.779274060276967,5.4172489010624885,5.467276384687294
